CustomerID,Age,Annual_Income_k$,Spending_Score_1to100,Visit_Frequency
1,56,15,11,4
2,69,33,16,12
3,46,28,14,9
4,32,22,19,13
5,60,28,26,16
6,25,21,22,26
7,38,45,22,6
8,56,48,17,10
9,36,23,19,13
10,40,32,27,7
11,28,16,1,28
12,28,40,19,26
13,41,40,22,19
14,53,27,27,24
15,57,30,9,19
16,41,29,9,17
17,20,15,25,13
18,39,45,1,13
19,19,22,33,26
20,41,22,22,28
21,61,28,35,21
22,47,39,9,2
23,55,24,15,10
24,19,15,1,22
25,38,21,12,13
26,50,34,18,26
27,29,51,1,9
28,39,17,16,1
29,61,17,1,14
30,42,15,17,29
31,66,15,31,16
32,44,42,19,20
33,59,44,36,15
34,45,31,27,1
35,33,25,33,17
36,32,47,12,24
37,64,31,12,13
38,68,40,23,27
39,61,24,4,15
40,69,30,24,16
41,20,17,16,16
42,54,36,33,2
43,68,31,26,17
44,24,21,30,11
45,38,21,12,8
46,26,46,30,20
47,56,49,34,3
48,35,27,19,29
49,21,30,12,12
50,42,34,12,20
51,31,31,32,16
52,67,15,46,14
53,26,34,10,16
54,43,15,9,27
55,19,22,29,21
56,37,35,12,17
57,45,35,30,11
58,64,21,24,17
59,24,25,19,19
60,61,24,24,22
61,25,28,23,1
62,64,29,18,27
63,52,36,2,12
64,31,24,21,15
65,34,33,35,18
66,53,35,3,28
67,67,31,10,23
68,57,27,24,14
69,21,31,20,1
70,19,37,24,13
71,23,38,13,15
72,59,48,31,7
73,21,20,20,15
74,46,25,26,20
75,35,15,23,10
76,43,39,21,14
77,61,26,26,6
78,51,32,21,14
79,27,23,8,24
80,53,26,30,25
81,31,42,28,22
82,48,36,1,12
83,65,28,13,11
84,32,37,30,29
85,25,37,1,25
86,31,26,29,20
87,40,15,18,22
88,57,21,33,24
89,38,16,19,25
90,33,41,12,19
91,62,43,23,2
92,35,45,19,22
93,64,15,11,20
94,41,40,42,1
95,43,52,10,8
96,42,41,1,25
97,62,15,35,14
98,58,47,14,9
99,46,30,17,2
100,32,27,16,25
101,62,34,14,23
102,18,19,12,5
103,42,30,10,23
104,24,46,20,29
105,26,36,15,25
106,41,30,27,8
107,18,30,24,16
108,61,18,10,22
109,25,28,21,16
110,41,15,15,13
111,28,40,10,20
112,68,15,26,29
113,34,38,18,15
114,25,39,15,1
115,52,43,11,22
116,52,30,9,3
117,50,39,39,6
118,22,28,23,22
119,59,18,9,14
120,56,45,22,4
121,58,29,30,18
122,45,15,21,15
123,24,25,33,9
124,26,25,4,18
125,25,34,1,3
126,29,53,22,10
127,51,35,22,17
128,50,32,1,7
129,65,54,13,15
130,40,39,9,1
131,41,32,6,27
132,54,25,9,25
133,52,33,25,27
134,61,29,9,11
135,57,30,10,17
136,39,43,3,5
137,44,24,32,7
138,52,35,24,19
139,18,39,1,25
140,52,23,10,24
141,54,21,25,29
142,64,28,32,15
143,31,25,28,3
144,20,41,16,15
145,18,19,1,5
146,22,30,28,23
147,43,55,17,12
148,31,34,20,20
149,56,35,18,5
150,44,41,6,3
151,26,25,23,9
152,32,19,22,26
153,32,31,15,9
154,43,32,24,7
155,59,15,6,26
156,30,33,17,2
157,68,40,20,23
158,49,20,2,23
159,56,34,19,27
160,66,38,27,21
161,69,35,16,16
162,49,36,19,9
163,21,27,25,13
164,47,18,16,28
165,54,25,17,27
166,40,24,8,19
167,56,29,19,20
168,62,40,16,17
169,32,16,24,6
170,60,31,25,4
171,46,19,27,1
172,53,22,14,18
173,30,35,1,19
174,49,18,27,9
175,24,37,24,13
176,68,16,13,8
177,39,36,25,23
178,45,15,5,13
179,19,23,30,15
180,59,48,16,11
181,62,47,11,12
182,23,25,13,14
183,45,33,17,4
184,45,42,19,1
185,61,36,20,24
186,61,27,15,4
187,37,22,22,19
188,47,38,20,9
189,28,41,13,10
190,45,47,12,4
191,42,15,26,20
192,56,17,25,9
193,50,41,20,13
194,18,15,29,12
195,44,42,1,11
196,69,27,14,12
197,30,24,8,18
198,58,32,42,12
199,20,16,27,16
200,56,38,19,5
201,23,46,27,20
202,25,38,31,25
203,44,27,31,12
204,26,15,29,21
205,54,15,17,25
206,50,16,14,11
207,68,29,10,9
208,59,31,25,18
209,61,38,18,25
210,41,15,15,3
211,32,43,15,20
212,49,36,34,17
213,49,26,29,14
214,41,18,38,1
215,58,42,25,17
216,69,26,20,25
217,66,29,19,27
218,66,33,9,8
219,69,20,7,5
220,29,27,25,5
221,56,38,10,9
222,19,37,22,3
223,20,37,31,19
224,66,18,13,23
225,54,27,40,9
226,66,26,10,22
227,34,34,29,18
228,66,33,24,16
229,19,31,31,1
230,19,54,8,2
231,45,27,43,14
232,40,25,18,14
233,54,18,26,1
234,49,15,34,26
235,50,17,13,26
236,18,22,28,25
237,36,43,12,16
238,19,30,33,15
239,61,31,12,26
240,43,29,20,15
241,49,33,23,12
242,23,44,27,16
243,49,15,39,14
244,21,42,15,29
245,28,15,31,24
246,34,30,39,15
247,55,51,21,23
248,41,36,14,15
249,22,33,2,19
250,69,50,38,8
251,51,22,17,2
252,23,34,9,2
253,39,35,6,27
254,28,24,9,10
255,65,25,29,3
256,33,24,30,23
257,50,30,26,17
258,26,35,21,8
259,23,31,7,28
260,33,37,12,23
261,46,15,8,4
262,20,27,25,14
263,37,19,9,21
264,53,33,12,10
265,36,32,18,29
266,43,28,3,1
267,20,35,20,4
268,36,39,18,1
269,37,29,31,17
270,49,19,11,26
271,24,15,7,17
272,69,30,16,7
273,58,32,9,23
274,50,20,20,20
275,57,37,1,15
276,56,25,13,13
277,35,15,10,28
278,57,42,25,2
279,18,41,11,28
280,28,15,2,19
281,45,24,17,24
282,42,23,23,13
283,67,46,17,24
284,40,29,13,11
285,48,15,13,27
286,47,38,21,22
287,59,17,11,15
288,52,27,16,10
289,24,22,27,9
290,33,24,6,27
291,43,39,19,28
292,65,45,2,9
293,69,17,22,20
294,66,36,10,28
295,19,22,30,1
296,18,22,5,17
297,65,34,24,12
298,29,19,32,10
299,22,34,9,5
300,54,37,11,29
301,49,25,10,18
302,26,43,15,15
303,58,17,25,6
304,52,43,14,7
305,36,15,8,17
306,65,56,1,6
307,33,25,36,8
308,20,18,36,12
309,37,27,25,21
310,41,19,11,14
311,50,33,27,12
312,41,43,29,23
313,69,20,17,10
314,28,35,20,22
315,66,15,32,20
316,25,40,3,15
317,53,34,29,7
318,55,40,16,26
319,57,28,8,9
320,37,25,9,10
321,52,38,11,10
322,65,16,7,16
323,42,15,37,29
324,52,29,24,7
325,42,26,30,28
326,46,35,25,5
327,35,40,20,23
328,63,35,20,3
329,35,40,16,18
330,19,33,16,11
331,52,34,5,15
332,33,28,30,21
333,58,34,1,20
334,53,31,9,5
335,50,33,40,24
336,21,28,21,12
337,50,38,21,4
338,31,22,26,15
339,38,29,4,9
340,65,43,6,7
341,37,20,15,10
342,25,15,10,29
343,24,33,19,28
344,20,27,24,23
345,34,40,33,13
346,50,28,28,29
347,65,23,10,8
348,29,29,16,12
349,68,40,13,22
350,39,35,9,24
351,39,15,7,19
352,63,31,36,26
353,47,32,20,26
354,55,29,17,1
355,55,23,24,16
356,62,41,25,22
357,68,42,31,17
358,25,15,12,25
359,44,22,24,18
360,44,28,10,11
361,51,39,18,18
362,38,30,20,7
363,47,23,21,18
364,50,37,21,26
365,45,27,28,8
366,64,28,14,6
367,50,29,21,7
368,22,35,12,23
369,65,26,49,22
370,36,36,10,10
371,21,29,12,11
372,52,19,28,25
373,66,29,15,13
374,34,19,28,9
375,61,30,21,7
376,45,38,15,9
377,47,19,12,13
378,46,33,12,26
379,63,21,16,3
380,23,32,18,3
381,52,38,11,1
382,58,15,18,21
383,54,18,9,20
384,41,26,27,2
385,46,33,29,25
386,66,28,12,3
387,63,29,12,15
388,48,50,21,24
389,52,17,32,6
390,50,41,34,13
391,69,26,5,21
392,38,35,30,1
393,49,51,19,20
394,40,36,19,19
395,50,33,25,1
396,20,45,15,28
397,35,41,30,21
398,42,22,34,22
399,59,32,34,2
400,48,15,1,15
401,20,24,17,14
402,57,33,1,19
403,63,23,12,11
404,41,32,1,15
405,67,29,24,6
406,49,35,22,20
407,64,25,15,9
408,39,20,12,5
409,40,44,23,20
410,19,25,9,2
411,44,36,9,6
412,59,44,7,26
413,19,31,17,18
414,43,21,14,28
415,34,28,16,29
416,57,40,25,23
417,50,32,29,19
418,26,17,34,9
419,60,35,20,27
420,65,37,23,21
421,56,26,21,24
422,46,36,3,27
423,59,32,16,6
424,43,28,16,14
425,52,17,14,28
426,67,40,19,26
427,42,37,17,24
428,41,35,10,29
429,30,45,18,13
430,24,39,13,11
431,53,36,1,12
432,62,15,6,19
433,37,41,20,19
434,18,30,30,21
435,25,33,1,27
436,63,33,11,26
437,33,37,24,19
438,31,41,28,24
439,29,36,15,26
440,68,34,13,13
441,40,32,32,28
442,32,15,27,14
443,45,27,28,24
444,51,20,15,18
445,19,42,31,12
446,49,36,1,4
447,40,25,31,10
448,39,26,19,29
449,68,26,21,17
450,42,25,10,4
451,39,15,1,12
452,39,15,21,13
453,66,30,25,29
454,69,40,27,27
455,59,24,25,29
456,23,33,23,4
457,32,37,10,10
458,60,20,27,25
459,54,29,9,3
460,50,23,31,15
461,25,46,19,2
462,61,45,19,25
463,61,20,28,25
464,22,33,30,17
465,56,40,27,6
466,21,38,11,26
467,23,30,27,8
468,62,43,11,3
469,49,20,27,27
470,69,26,5,25
471,47,21,19,18
472,64,37,11,22
473,52,24,28,1
474,57,28,31,29
475,69,36,21,16
476,33,36,21,7
477,30,20,27,3
478,67,40,31,23
479,59,34,20,4
480,47,19,15,9
481,36,16,26,5
482,34,29,1,19
483,36,38,29,15
484,45,38,12,8
485,43,33,17,6
486,54,30,29,18
487,43,35,15,19
488,40,21,26,24
489,26,46,31,15
490,29,46,21,26
491,18,34,23,7
492,18,31,18,10
493,64,25,21,6
494,51,35,8,14
495,49,23,17,17
496,65,15,7,9
497,42,15,11,19
498,57,22,1,5
499,62,31,22,23
500,18,33,36,7
501,33,25,15,19
502,56,31,29,20
503,22,27,31,26
504,39,20,8,7
505,46,29,10,24
506,20,38,29,2
507,29,20,19,25
508,43,20,7,23
509,33,19,13,16
510,68,15,24,13
511,54,25,12,8
512,39,37,1,6
513,46,31,16,6
514,31,28,17,9
515,45,31,20,4
516,22,25,32,27
517,64,15,20,11
518,66,37,22,5
519,47,40,30,25
520,63,22,20,17
521,69,28,41,20
522,22,27,7,7
523,29,33,10,27
524,33,46,26,15
525,43,41,32,25
526,43,26,17,15
527,65,35,9,14
528,38,42,37,13
529,56,34,12,11
530,53,29,23,28
531,50,34,33,13
532,47,22,15,26
533,54,24,13,22
534,40,19,14,28
535,27,33,29,24
536,22,28,30,29
537,53,21,20,9
538,51,28,38,10
539,69,34,20,4
540,48,49,32,17
541,27,40,15,14
542,36,15,43,24
543,49,32,35,18
544,18,44,18,11
545,22,16,34,16
546,62,35,33,1
547,21,27,35,29
548,33,41,1,7
549,41,34,27,28
550,33,21,25,10
551,19,56,57,9
552,66,57,53,27
553,45,58,53,28
554,49,76,69,28
555,44,47,58,25
556,37,75,53,3
557,41,55,67,22
558,29,63,56,23
559,67,61,57,14
560,52,59,78,26
561,50,59,43,25
562,50,81,27,15
563,68,72,51,2
564,60,54,53,24
565,54,83,60,14
566,29,64,51,16
567,20,65,61,7
568,18,47,87,4
569,50,52,62,18
570,57,49,64,24
571,27,61,48,27
572,60,69,29,5
573,61,65,15,6
574,46,83,42,27
575,30,46,11,7
576,29,61,57,15
577,48,40,44,26
578,63,46,30,1
579,19,78,51,24
580,68,53,38,4
581,67,47,56,29
582,52,28,60,25
583,40,47,39,1
584,34,56,46,11
585,43,39,53,18
586,25,56,28,14
587,46,79,53,22
588,43,49,28,11
589,27,45,58,10
590,43,43,43,27
591,51,42,28,17
592,68,68,41,4
593,58,60,41,24
594,24,74,66,15
595,21,90,52,26
596,67,32,35,16
597,62,65,74,21
598,28,43,59,13
599,46,71,44,9
600,53,55,26,11
601,42,60,43,11
602,38,40,46,6
603,53,53,55,1
604,27,61,59,22
605,54,80,62,6
606,26,48,25,13
607,41,51,53,22
608,52,74,47,24
609,66,47,90,22
610,52,77,50,5
611,65,59,40,15
612,53,64,51,27
613,35,65,49,18
614,66,50,20,20
615,56,65,56,14
616,49,48,45,15
617,41,52,49,26
618,40,68,36,5
619,49,64,33,26
620,54,58,63,4
621,29,41,66,2
622,66,44,56,7
623,30,64,22,10
624,40,70,57,16
625,42,43,23,10
626,52,47,40,18
627,58,62,62,17
628,47,61,59,21
629,34,35,56,28
630,66,62,69,13
631,37,51,58,1
632,65,84,19,1
633,42,63,44,15
634,39,66,49,1
635,30,66,47,6
636,36,41,40,25
637,66,89,34,26
638,53,35,86,13
639,29,71,44,27
640,58,69,85,28
641,36,52,32,1
642,29,69,59,5
643,26,55,53,9
644,24,49,36,25
645,45,67,42,17
646,31,44,49,16
647,48,56,37,8
648,69,51,46,17
649,36,54,14,15
650,64,66,60,24
651,33,51,68,1
652,22,57,56,12
653,52,52,83,5
654,29,81,60,24
655,42,65,67,6
656,69,63,68,25
657,38,70,8,1
658,53,51,56,25
659,40,72,29,1
660,33,65,32,10
661,56,36,34,10
662,62,38,45,3
663,59,51,59,17
664,56,40,56,19
665,31,56,49,28
666,48,44,60,11
667,22,58,61,29
668,52,81,56,18
669,40,59,24,2
670,46,55,38,9
671,60,65,50,24
672,28,49,61,17
673,35,72,30,28
674,64,67,49,14
675,29,60,26,4
676,26,62,65,29
677,27,90,53,17
678,61,74,29,17
679,34,92,29,12
680,55,67,55,28
681,24,37,70,20
682,63,56,33,18
683,30,34,61,3
684,57,67,41,11
685,59,71,62,25
686,26,46,60,18
687,67,50,52,4
688,44,62,22,17
689,19,42,60,18
690,22,40,57,5
691,46,78,56,14
692,54,61,52,10
693,55,51,36,15
694,36,34,66,1
695,25,72,63,16
696,65,49,33,11
697,62,87,69,23
698,18,72,51,20
699,39,47,51,6
700,69,49,47,24
701,34,85,48,29
702,24,58,70,22
703,42,52,65,16
704,62,60,65,2
705,21,52,52,1
706,53,63,63,24
707,23,58,37,24
708,48,73,58,9
709,36,54,47,22
710,61,46,19,12
711,56,54,26,17
712,44,54,40,25
713,27,58,56,28
714,43,69,40,29
715,36,68,41,15
716,56,77,61,19
717,20,47,41,27
718,62,65,69,22
719,30,70,67,10
720,67,49,50,29
721,45,56,61,26
722,37,33,59,27
723,45,73,46,12
724,25,56,62,14
725,58,72,65,9
726,56,63,35,27
727,18,57,52,13
728,20,36,52,3
729,30,38,62,21
730,45,21,43,29
731,66,51,41,14
732,42,94,52,21
733,50,40,67,10
734,55,20,32,16
735,23,74,34,7
736,61,95,42,4
737,62,64,44,27
738,49,64,23,20
739,62,55,72,23
740,64,33,48,25
741,38,38,45,11
742,33,55,74,16
743,38,52,60,20
744,28,58,41,4
745,54,72,52,22
746,53,51,49,22
747,52,72,71,23
748,36,51,47,17
749,37,75,28,13
750,35,61,21,11
751,64,53,72,3
752,58,61,38,9
753,66,55,60,6
754,31,61,51,22
755,32,71,43,21
756,48,58,46,11
757,18,54,73,16
758,20,43,28,19
759,33,68,44,27
760,40,65,63,5
761,28,42,30,14
762,29,72,69,17
763,27,42,63,3
764,49,75,54,4
765,33,70,42,16
766,25,66,28,16
767,55,54,60,21
768,29,68,91,26
769,41,76,52,25
770,45,68,22,4
771,25,49,56,19
772,45,64,62,26
773,53,76,36,17
774,43,92,40,13
775,25,56,38,26
776,67,72,42,22
777,45,77,47,23
778,45,47,37,26
779,54,86,31,24
780,58,44,52,28
781,53,72,47,1
782,44,64,43,12
783,34,60,51,4
784,26,98,27,11
785,50,55,53,5
786,37,55,43,2
787,30,79,53,17
788,45,71,55,8
789,65,79,66,6
790,46,61,51,21
791,30,64,66,29
792,63,88,45,9
793,52,47,45,13
794,23,58,48,11
795,35,71,61,29
796,68,57,59,16
797,22,51,52,16
798,64,69,31,27
799,42,80,59,2
800,19,57,37,10
801,27,57,36,12
802,47,50,32,8
803,67,55,48,11
804,62,76,68,10
805,22,61,35,13
806,50,47,75,25
807,18,63,63,17
808,35,75,28,7
809,49,51,44,24
810,64,40,34,3
811,66,92,59,20
812,28,39,35,13
813,38,54,25,19
814,43,63,45,7
815,42,55,67,9
816,39,58,47,19
817,44,68,55,13
818,66,24,56,22
819,30,40,27,8
820,50,60,36,22
821,51,53,50,18
822,58,61,41,29
823,52,63,75,23
824,18,28,31,2
825,38,79,36,18
826,65,52,54,18
827,23,47,40,11
828,45,63,6,1
829,34,61,79,14
830,22,77,33,16
831,48,64,58,11
832,22,77,31,1
833,55,45,37,7
834,20,62,25,29
835,40,43,38,16
836,54,61,40,14
837,54,58,48,15
838,27,57,44,14
839,27,57,28,28
840,36,71,42,21
841,34,35,71,11
842,38,46,69,16
843,31,59,56,19
844,26,42,59,17
845,63,60,80,27
846,18,59,58,26
847,68,38,59,6
848,62,38,26,11
849,30,20,33,17
850,21,41,49,9
851,18,60,37,18
852,66,62,35,17
853,57,63,36,12
854,49,48,28,23
855,51,59,38,22
856,45,65,55,22
857,48,40,76,5
858,25,61,61,11
859,56,69,59,4
860,43,52,25,27
861,51,75,51,4
862,20,52,48,3
863,67,47,54,26
864,29,68,44,24
865,18,90,74,23
866,61,61,50,25
867,22,69,52,17
868,47,52,20,7
869,47,41,48,26
870,34,62,67,4
871,65,64,58,23
872,64,54,17,13
873,40,69,43,12
874,32,50,75,1
875,54,46,47,21
876,38,75,54,19
877,31,75,74,21
878,19,50,47,20
879,28,85,61,18
880,68,55,56,11
881,56,61,59,20
882,55,58,55,3
883,51,67,41,29
884,55,64,43,17
885,67,63,37,12
886,51,44,25,10
887,35,34,68,8
888,47,77,50,15
889,32,51,67,5
890,44,59,73,4
891,68,64,50,26
892,51,84,30,28
893,69,62,47,21
894,55,54,39,20
895,50,52,20,19
896,41,59,42,21
897,32,46,48,4
898,47,60,40,15
899,59,59,38,17
900,68,84,30,12
901,34,58,52,3
902,22,31,78,10
903,46,100,69,15
904,21,74,59,10
905,27,91,60,24
906,34,42,48,23
907,27,56,22,18
908,34,70,44,1
909,37,68,35,3
910,41,64,52,21
911,22,27,68,26
912,51,34,79,27
913,23,82,50,12
914,19,85,24,1
915,30,58,50,3
916,60,80,51,3
917,60,44,60,5
918,65,48,49,19
919,28,43,50,29
920,68,47,40,25
921,64,70,45,1
922,40,47,57,4
923,33,93,19,29
924,48,66,45,29
925,28,76,60,26
926,33,67,74,26
927,25,78,44,4
928,21,46,67,17
929,57,81,75,14
930,21,62,44,18
931,42,78,41,27
932,20,38,47,1
933,49,62,48,22
934,20,62,66,16
935,44,50,38,3
936,46,64,73,23
937,49,83,37,21
938,67,49,31,9
939,68,74,57,23
940,36,43,68,4
941,38,91,52,21
942,22,71,56,5
943,35,85,79,11
944,45,70,68,21
945,59,65,50,26
946,39,71,43,9
947,38,57,66,26
948,23,35,62,3
949,18,66,56,6
950,22,48,45,24
951,58,43,48,11
952,29,69,47,9
953,43,55,45,29
954,63,75,40,15
955,51,48,53,23
956,66,52,40,28
957,31,77,52,3
958,43,64,18,1
959,62,37,41,20
960,44,63,66,29
961,26,82,36,22
962,43,52,58,19
963,64,68,37,14
964,39,47,61,17
965,64,57,45,22
966,47,76,44,14
967,60,63,50,17
968,65,79,29,25
969,34,66,64,27
970,43,93,69,14
971,53,36,44,12
972,18,56,57,16
973,25,43,61,1
974,66,44,48,13
975,52,44,33,6
976,69,62,73,17
977,32,63,44,12
978,64,66,40,23
979,39,43,74,19
980,31,55,59,6
981,43,45,53,7
982,45,74,35,1
983,40,46,62,1
984,31,56,93,29
985,41,68,63,5
986,19,50,57,6
987,62,70,60,16
988,43,83,45,25
989,31,62,44,16
990,68,73,44,14
991,24,28,41,1
992,20,53,44,13
993,64,62,44,20
994,40,44,46,10
995,63,63,45,24
996,60,75,53,10
997,64,31,51,9
998,62,42,52,13
999,35,62,72,3
1000,55,66,51,27
1001,52,71,83,18
1002,68,61,55,20
1003,32,66,43,2
1004,42,73,70,17
1005,54,53,48,28
1006,45,50,14,19
1007,27,57,49,23
1008,56,62,46,13
1009,34,50,74,13
1010,56,54,36,1
1011,39,65,45,2
1012,43,62,69,1
1013,61,57,55,24
1014,42,33,47,5
1015,34,59,38,24
1016,30,45,55,3
1017,37,74,49,29
1018,42,55,38,28
1019,21,45,39,7
1020,27,59,37,24
1021,20,79,35,22
1022,58,69,64,13
1023,62,63,61,29
1024,35,40,64,23
1025,64,84,50,28
1026,53,50,46,18
1027,64,74,46,24
1028,39,55,65,21
1029,51,72,22,7
1030,64,79,42,1
1031,25,69,36,5
1032,57,71,70,17
1033,66,58,42,28
1034,61,53,25,29
1035,36,62,53,8
1036,59,54,44,15
1037,58,97,41,20
1038,54,45,40,4
1039,23,75,39,2
1040,69,67,60,5
1041,43,63,53,1
1042,51,82,47,25
1043,62,64,33,5
1044,23,50,47,6
1045,54,64,53,2
1046,50,57,54,26
1047,39,67,52,26
1048,38,72,36,1
1049,23,47,13,4
1050,23,77,76,7
1051,65,56,30,22
1052,21,66,20,26
1053,47,69,51,1
1054,28,65,24,1
1055,47,58,37,8
1056,48,52,58,20
1057,41,55,76,16
1058,26,83,55,21
1059,20,47,43,13
1060,68,49,49,23
1061,48,48,22,24
1062,57,62,43,26
1063,54,37,43,23
1064,53,39,52,18
1065,41,56,79,20
1066,48,40,20,10
1067,23,41,43,12
1068,19,40,22,1
1069,37,47,42,10
1070,45,70,37,9
1071,28,74,27,3
1072,21,88,63,28
1073,32,88,53,19
1074,23,71,61,26
1075,66,75,42,9
1076,47,61,48,10
1077,55,67,73,19
1078,68,89,49,16
1079,19,65,62,24
1080,32,77,40,18
1081,28,45,60,14
1082,25,50,41,29
1083,43,64,21,3
1084,68,62,49,2
1085,62,50,42,1
1086,61,96,25,18
1087,22,62,52,24
1088,23,53,36,9
1089,43,62,96,13
1090,21,60,28,2
1091,36,62,31,7
1092,37,36,63,16
1093,50,79,48,21
1094,37,80,62,19
1095,66,82,55,25
1096,29,64,41,15
1097,64,69,29,22
1098,18,47,66,11
1099,43,72,30,1
1100,31,63,58,21
1101,55,53,63,7
1102,54,72,48,20
1103,28,73,45,8
1104,53,60,35,10
1105,30,66,56,5
1106,60,44,4,9
1107,20,78,60,25
1108,50,46,51,25
1109,23,49,46,1
1110,67,60,53,2
1111,27,76,29,19
1112,22,76,13,14
1113,40,59,57,20
1114,27,71,69,10
1115,61,34,23,9
1116,19,49,34,10
1117,30,49,61,29
1118,57,78,55,6
1119,19,69,94,17
1120,37,62,66,28
1121,18,64,62,25
1122,54,83,38,6
1123,26,57,57,4
1124,34,40,72,20
1125,26,76,47,3
1126,28,62,48,23
1127,32,74,52,19
1128,41,59,40,18
1129,55,47,54,26
1130,52,66,53,24
1131,47,60,72,4
1132,48,62,47,8
1133,66,84,60,17
1134,22,43,47,5
1135,61,64,59,13
1136,67,47,46,25
1137,31,21,58,1
1138,28,59,60,27
1139,26,60,34,13
1140,51,69,66,4
1141,29,56,47,22
1142,52,37,42,26
1143,52,47,39,24
1144,18,79,54,14
1145,57,47,49,3
1146,39,83,55,5
1147,46,75,55,7
1148,25,55,59,1
1149,28,49,91,23
1150,58,75,50,29
1151,54,56,38,12
1152,31,36,19,11
1153,47,68,32,24
1154,52,66,68,8
1155,38,77,60,25
1156,54,65,29,6
1157,22,51,86,28
1158,36,79,54,22
1159,31,80,56,2
1160,43,63,83,19
1161,21,60,76,20
1162,42,40,61,20
1163,62,50,62,24
1164,59,71,63,14
1165,42,51,46,1
1166,35,38,54,10
1167,57,112,58,16
1168,25,38,48,4
1169,56,93,35,27
1170,57,55,46,28
1171,31,58,35,29
1172,49,49,50,11
1173,68,71,23,16
1174,55,38,55,27
1175,50,32,25,20
1176,40,84,43,1
1177,32,47,57,16
1178,50,71,61,19
1179,42,43,60,21
1180,34,70,54,22
1181,50,85,33,9
1182,64,52,64,9
1183,19,30,33,9
1184,31,85,66,27
1185,57,73,59,17
1186,57,52,70,12
1187,68,56,50,25
1188,56,43,37,13
1189,68,81,30,8
1190,23,51,32,16
1191,23,38,25,18
1192,20,63,64,29
1193,24,47,66,27
1194,68,44,58,1
1195,25,53,49,1
1196,59,61,80,12
1197,69,39,48,6
1198,32,80,53,9
1199,64,70,49,23
1200,46,54,44,5
1201,50,46,59,27
1202,69,58,40,16
1203,47,73,39,18
1204,56,71,60,17
1205,44,75,42,18
1206,53,52,52,1
1207,46,16,44,19
1208,55,78,49,22
1209,50,57,39,29
1210,54,69,40,8
1211,44,85,37,3
1212,50,96,62,26
1213,21,50,52,25
1214,39,62,63,26
1215,19,80,65,5
1216,27,47,43,23
1217,22,51,63,8
1218,27,51,49,19
1219,50,59,47,18
1220,55,56,68,18
1221,30,51,58,21
1222,48,45,44,1
1223,64,72,57,15
1224,53,80,31,18
1225,62,82,53,29
1226,41,52,27,25
1227,69,72,35,7
1228,32,63,58,16
1229,46,51,9,16
1230,25,71,77,15
1231,22,50,62,6
1232,46,54,22,9
1233,64,39,85,7
1234,21,53,90,14
1235,29,63,47,11
1236,62,83,36,21
1237,19,54,75,16
1238,44,44,44,25
1239,48,82,52,6
1240,68,52,68,22
1241,68,33,47,27
1242,53,61,46,16
1243,53,55,30,20
1244,43,94,40,29
1245,60,67,46,16
1246,44,57,31,12
1247,22,46,32,17
1248,37,64,50,5
1249,28,81,22,27
1250,27,64,36,25
1251,57,47,79,13
1252,55,68,44,8
1253,23,59,42,24
1254,25,66,44,5
1255,40,54,44,12
1256,64,54,58,9
1257,43,53,57,3
1258,63,74,44,3
1259,60,54,46,1
1260,29,53,69,25
1261,43,45,27,22
1262,30,66,49,18
1263,57,64,52,24
1264,35,53,38,12
1265,42,49,48,9
1266,50,88,36,9
1267,64,31,59,18
1268,57,67,29,18
1269,60,79,65,29
1270,29,15,48,7
1271,61,71,43,27
1272,53,56,34,4
1273,65,63,65,13
1274,21,55,40,17
1275,22,76,32,24
1276,54,65,65,2
1277,25,61,36,14
1278,59,46,48,3
1279,66,88,62,5
1280,45,60,52,14
1281,48,94,75,3
1282,26,88,37,23
1283,68,33,46,7
1284,46,50,48,18
1285,31,44,59,13
1286,57,59,69,29
1287,58,62,51,23
1288,39,63,47,27
1289,28,75,27,22
1290,40,82,51,10
1291,18,74,40,25
1292,63,51,59,13
1293,54,48,43,16
1294,38,60,46,9
1295,43,66,28,2
1296,63,57,22,23
1297,53,39,77,5
1298,40,70,51,29
1299,18,54,56,22
1300,68,53,36,17
1301,57,59,63,23
1302,32,56,60,22
1303,38,54,37,4
1304,64,40,34,17
1305,26,58,39,9
1306,26,70,49,20
1307,27,63,52,2
1308,69,74,50,24
1309,43,49,69,18
1310,58,40,39,21
1311,52,56,33,27
1312,69,50,50,22
1313,42,52,24,11
1314,43,63,60,13
1315,28,52,51,8
1316,55,41,44,27
1317,19,51,44,1
1318,24,65,63,17
1319,35,70,63,12
1320,44,69,46,4
1321,51,66,58,21
1322,44,57,62,13
1323,34,66,55,29
1324,60,59,46,9
1325,61,61,55,27
1326,68,45,34,7
1327,41,60,51,23
1328,42,65,46,24
1329,24,65,44,5
1330,69,40,24,5
1331,23,61,34,17
1332,41,38,42,9
1333,50,62,63,6
1334,66,49,54,25
1335,46,85,64,19
1336,60,61,68,16
1337,39,72,54,21
1338,43,91,52,2
1339,45,47,35,10
1340,67,66,79,16
1341,38,42,28,5
1342,66,65,51,15
1343,24,86,62,13
1344,34,50,62,13
1345,37,46,32,13
1346,58,58,43,15
1347,66,90,38,14
1348,37,71,20,8
1349,39,46,51,11
1350,45,81,39,18
1351,57,35,72,24
1352,66,92,59,4
1353,24,72,50,26
1354,18,86,42,10
1355,49,35,51,1
1356,30,62,46,29
1357,47,57,51,5
1358,40,44,78,13
1359,68,40,34,1
1360,36,67,47,23
1361,49,68,60,8
1362,47,79,43,3
1363,46,52,73,3
1364,66,57,60,7
1365,62,39,39,4
1366,46,83,53,3
1367,47,61,39,15
1368,33,70,38,8
1369,57,71,47,3
1370,36,81,68,29
1371,35,47,61,7
1372,18,70,49,18
1373,31,59,61,11
1374,68,91,54,11
1375,64,47,32,17
1376,67,77,47,28
1377,19,65,48,6
1378,45,64,61,8
1379,66,60,41,1
1380,67,80,36,29
1381,47,63,49,10
1382,55,37,40,28
1383,68,78,45,25
1384,21,75,48,19
1385,18,68,44,3
1386,25,43,64,4
1387,46,45,71,11
1388,56,31,62,15
1389,20,66,23,1
1390,49,39,40,9
1391,27,34,47,11
1392,27,79,22,19
1393,36,71,36,13
1394,63,55,47,26
1395,51,57,43,16
1396,50,23,50,4
1397,40,73,29,1
1398,45,49,43,20
1399,49,64,52,13
1400,67,22,50,1
1401,24,74,56,5
1402,46,48,55,5
1403,25,39,43,14
1404,18,54,51,27
1405,20,51,38,23
1406,41,76,45,14
1407,40,53,34,8
1408,25,80,65,4
1409,64,64,45,7
1410,54,73,65,20
1411,20,59,54,19
1412,68,79,36,15
1413,50,42,53,22
1414,45,61,62,4
1415,64,54,48,19
1416,25,80,51,9
1417,51,82,41,21
1418,52,60,50,13
1419,49,40,53,14
1420,41,66,41,23
1421,31,35,33,28
1422,49,84,69,14
1423,63,52,59,22
1424,60,59,41,10
1425,33,49,53,16
1426,21,46,27,5
1427,69,71,20,23
1428,54,57,66,27
1429,38,60,53,6
1430,31,44,49,26
1431,48,72,53,2
1432,65,74,98,13
1433,35,56,63,29
1434,24,79,34,13
1435,27,58,24,19
1436,24,71,65,18
1437,50,35,62,28
1438,40,65,58,19
1439,38,55,37,1
1440,36,62,55,8
1441,65,61,39,22
1442,36,61,59,16
1443,53,69,64,29
1444,46,51,41,2
1445,35,68,66,8
1446,19,78,51,6
1447,18,38,57,16
1448,64,48,30,23
1449,22,48,53,11
1450,37,43,39,17
1451,28,52,57,23
1452,59,75,72,19
1453,19,81,54,11
1454,20,61,36,28
1455,40,55,59,8
1456,29,72,56,22
1457,37,24,80,4
1458,22,44,53,11
1459,54,25,41,8
1460,55,44,61,9
1461,47,48,48,26
1462,26,82,51,2
1463,51,18,36,16
1464,61,53,48,6
1465,52,69,50,21
1466,69,66,48,21
1467,39,81,41,26
1468,61,62,54,27
1469,41,65,36,19
1470,34,32,32,28
1471,27,45,60,8
1472,47,33,59,14
1473,63,68,30,24
1474,40,65,22,16
1475,49,64,34,12
1476,34,46,48,5
1477,67,45,67,24
1478,68,63,47,26
1479,34,49,38,24
1480,31,44,52,19
1481,26,52,48,18
1482,57,50,29,9
1483,19,46,29,2
1484,62,41,29,25
1485,42,66,87,20
1486,56,83,62,12
1487,26,59,41,29
1488,39,63,66,2
1489,60,68,41,10
1490,63,65,66,1
1491,21,47,51,4
1492,43,85,40,25
1493,46,48,60,12
1494,62,69,52,9
1495,51,67,55,4
1496,40,30,53,9
1497,54,54,53,28
1498,28,60,62,6
1499,23,61,88,1
1500,35,64,68,10
1501,38,71,53,29
1502,59,59,45,14
1503,53,65,46,22
1504,58,59,31,25
1505,55,44,59,29
1506,51,60,34,18
1507,34,71,44,6
1508,54,76,60,18
1509,42,68,46,20
1510,55,80,42,16
1511,29,66,32,15
1512,40,72,68,16
1513,59,74,37,8
1514,39,56,41,13
1515,38,70,23,23
1516,44,45,49,11
1517,48,65,45,28
1518,23,68,52,29
1519,44,75,32,25
1520,57,72,61,7
1521,51,75,22,17
1522,29,58,48,18
1523,62,54,51,22
1524,24,55,50,23
1525,27,63,52,19
1526,62,32,61,25
1527,34,79,69,13
1528,43,60,47,15
1529,38,53,35,23
1530,45,22,58,22
1531,63,59,45,29
1532,19,57,68,22
1533,60,46,40,1
1534,18,49,37,29
1535,68,59,52,16
1536,53,51,23,5
1537,68,68,42,26
1538,43,48,45,3
1539,46,62,53,23
1540,38,77,35,10
1541,28,59,36,19
1542,57,65,67,5
1543,28,64,49,7
1544,53,60,62,14
1545,66,58,41,3
1546,56,51,49,13
1547,57,62,53,13
1548,52,55,76,10
1549,51,83,46,2
1550,64,72,47,6
1551,41,38,66,8
1552,39,39,44,4
1553,22,58,54,25
1554,50,54,65,12
1555,53,57,41,28
1556,64,69,55,15
1557,37,64,76,8
1558,36,64,63,7
1559,52,81,54,14
1560,69,39,46,23
1561,60,61,40,19
1562,34,51,35,14
1563,62,81,72,22
1564,60,26,69,13
1565,51,27,40,29
1566,26,64,55,21
1567,43,76,51,1
1568,19,71,67,27
1569,26,47,55,19
1570,26,82,49,29
1571,57,41,41,28
1572,34,79,55,1
1573,18,43,44,4
1574,42,54,53,10
1575,60,69,48,3
1576,57,38,44,27
1577,59,82,35,20
1578,42,54,57,9
1579,56,62,50,3
1580,52,77,76,28
1581,20,48,34,6
1582,67,75,59,6
1583,54,84,48,23
1584,61,50,81,25
1585,61,80,58,12
1586,68,33,54,23
1587,47,65,48,1
1588,55,41,39,16
1589,51,74,54,24
1590,29,72,29,5
1591,36,91,29,9
1592,54,81,65,10
1593,61,57,23,13
1594,66,43,45,15
1595,34,68,34,12
1596,27,59,43,5
1597,66,83,52,5
1598,64,27,64,28
1599,29,92,68,28
1600,33,67,36,18
1601,41,47,43,12
1602,36,71,100,27
1603,25,79,46,3
1604,48,61,36,26
1605,38,33,39,25
1606,34,55,46,7
1607,40,75,44,17
1608,54,67,46,19
1609,33,57,49,28
1610,23,79,49,18
1611,25,71,35,1
1612,42,72,55,25
1613,35,53,51,24
1614,42,52,57,5
1615,29,34,24,27
1616,32,56,52,28
1617,43,74,20,2
1618,58,56,47,1
1619,62,66,59,7
1620,43,76,65,29
1621,64,65,55,11
1622,49,67,60,11
1623,27,39,45,18
1624,33,55,42,17
1625,24,85,90,2
1626,34,61,62,7
1627,40,88,32,7
1628,43,49,23,10
1629,38,63,43,22
1630,39,54,67,21
1631,24,68,50,3
1632,31,73,16,12
1633,32,69,47,3
1634,24,75,49,11
1635,26,59,13,29
1636,68,57,50,12
1637,65,33,34,25
1638,25,69,22,4
1639,67,62,74,25
1640,40,58,34,16
1641,46,57,39,20
1642,35,59,39,18
1643,48,56,50,4
1644,47,52,76,22
1645,69,63,32,6
1646,56,67,45,21
1647,52,48,51,15
1648,35,53,36,1
1649,59,56,45,3
1650,56,60,58,5
1651,34,97,77,22
1652,31,113,81,17
1653,48,66,80,14
1654,41,70,83,9
1655,52,103,87,3
1656,61,87,90,26
1657,62,117,100,13
1658,51,123,58,3
1659,20,104,83,11
1660,54,78,71,2
1661,60,121,81,24
1662,57,103,93,15
1663,43,70,96,13
1664,40,72,97,19
1665,61,130,97,22
1666,56,127,83,16
1667,32,49,98,18
1668,66,72,100,7
1669,21,122,86,13
1670,46,99,96,4
1671,39,114,85,9
1672,42,98,99,10
1673,30,113,83,9
1674,35,100,78,7
1675,50,91,73,15
1676,33,121,83,28
1677,62,104,85,8
1678,59,113,75,19
1679,61,103,82,11
1680,19,90,79,5
1681,52,132,74,2
1682,59,107,95,10
1683,51,92,97,16
1684,47,125,95,23
1685,30,73,84,13
1686,30,144,84,8
1687,35,96,74,9
1688,49,74,89,11
1689,49,138,86,11
1690,52,90,100,23
1691,56,104,95,26
1692,63,114,88,16
1693,69,123,84,10
1694,46,105,95,29
1695,66,87,75,24
1696,46,104,96,12
1697,61,91,74,25
1698,33,104,79,6
1699,61,132,66,28
1700,64,115,91,12
1701,27,104,87,10
1702,47,114,79,18
1703,42,116,75,18
1704,56,78,98,4
1705,37,100,83,9
1706,22,150,77,7
1707,18,124,100,18
1708,47,89,78,8
1709,66,87,96,11
1710,20,87,73,7
1711,62,117,81,9
1712,31,132,90,8
1713,47,111,84,3
1714,67,103,87,17
1715,21,91,79,2
1716,35,106,69,15
1717,54,83,99,14
1718,42,61,80,29
1719,65,132,87,18
1720,18,79,92,16
1721,63,93,88,20
1722,32,113,77,22
1723,26,128,96,4
1724,32,105,90,25
1725,66,76,86,20
1726,41,93,86,6
1727,21,86,100,6
1728,29,99,77,26
1729,54,124,89,11
1730,54,49,79,26
1731,60,91,65,17
1732,23,90,65,24
1733,56,74,74,28
1734,63,111,78,3
1735,41,71,100,13
1736,28,74,91,22
1737,30,117,92,3
1738,51,130,78,16
1739,42,98,85,15
1740,24,75,100,11
1741,69,85,72,18
1742,21,120,89,15
1743,25,102,100,5
1744,37,97,94,16
1745,46,106,100,16
1746,68,99,87,17
1747,62,130,91,9
1748,63,85,86,27
1749,27,82,90,23
1750,60,72,75,3
1751,51,89,92,20
1752,43,78,87,13
1753,58,104,85,22
1754,66,100,100,3
1755,20,78,82,28
1756,23,111,97,7
1757,22,130,98,29
1758,22,107,93,6
1759,64,49,75,9
1760,40,139,88,12
1761,66,114,100,15
1762,26,139,66,21
1763,52,121,83,20
1764,37,125,96,3
1765,66,104,83,10
1766,59,94,93,1
1767,52,107,99,19
1768,67,85,87,19
1769,35,108,90,23
1770,34,47,85,23
1771,41,100,87,13
1772,20,126,100,12
1773,49,101,84,1
1774,52,134,81,19
1775,55,94,95,29
1776,30,120,76,24
1777,64,82,78,16
1778,42,119,78,25
1779,26,104,82,23
1780,21,95,82,23
1781,31,48,91,28
1782,54,94,81,15
1783,51,104,92,16
1784,28,116,93,11
1785,58,131,78,24
1786,20,140,93,6
1787,45,124,94,11
1788,46,88,67,3
1789,26,93,87,15
1790,20,114,79,1
1791,42,110,98,7
1792,51,132,79,1
1793,29,149,71,17
1794,59,145,84,9
1795,26,129,76,29
1796,32,110,93,26
1797,57,126,76,23
1798,42,133,84,13
1799,22,97,100,11
1800,28,89,95,29
1801,51,84,89,20
1802,41,82,83,6
1803,32,72,88,1
1804,55,104,91,7
1805,25,80,75,12
1806,22,84,93,22
1807,65,114,73,20
1808,43,103,90,23
1809,35,108,73,19
1810,23,127,100,17
1811,54,117,92,4
1812,65,130,69,3
1813,30,101,84,1
1814,45,132,79,18
1815,22,107,78,27
1816,30,103,86,21
1817,34,129,75,15
1818,67,82,92,8
1819,57,140,92,1
1820,62,94,88,20
1821,49,75,84,14
1822,46,113,91,4
1823,68,92,92,5
1824,20,140,89,23
1825,57,91,71,13
1826,51,106,77,28
1827,57,71,82,24
1828,44,116,70,15
1829,30,84,87,6
1830,62,113,99,1
1831,50,91,97,23
1832,23,59,92,19
1833,41,102,92,13
1834,36,101,100,29
1835,33,117,93,29
1836,57,131,94,6
1837,45,138,70,15
1838,50,117,98,16
1839,65,105,88,24
1840,58,71,84,23
1841,30,104,81,16
1842,60,104,79,10
1843,62,96,97,22
1844,42,112,84,9
1845,59,122,79,9
1846,53,83,77,17
1847,44,83,86,17
1848,55,97,81,17
1849,24,87,79,24
1850,22,67,71,12
1851,60,80,94,13
1852,62,75,83,12
1853,68,124,74,14
1854,48,134,82,10
1855,40,78,90,23
1856,59,110,85,19
1857,27,117,86,29
1858,49,70,85,2
1859,60,103,72,4
1860,47,150,94,19
1861,56,113,67,7
1862,48,95,89,26
1863,35,88,91,15
1864,53,59,82,15
1865,19,109,88,24
1866,31,138,82,6
1867,30,83,88,3
1868,46,61,94,6
1869,29,86,77,16
1870,56,117,91,2
1871,19,91,100,28
1872,49,83,87,7
1873,30,100,79,11
1874,63,104,100,26
1875,44,72,85,7
1876,66,95,87,4
1877,58,90,87,29
1878,34,87,89,24
1879,57,79,81,20
1880,48,118,86,7
1881,51,87,94,4
1882,41,60,81,29
1883,62,105,80,12
1884,52,114,82,5
1885,65,84,74,23
1886,23,88,78,29
1887,36,87,77,29
1888,47,93,84,26
1889,24,122,93,19
1890,27,97,99,26
1891,58,116,85,5
1892,49,80,89,27
1893,51,92,87,19
1894,45,119,64,21
1895,32,83,73,3
1896,47,120,92,27
1897,54,87,93,26
1898,46,93,93,11
1899,39,133,83,7
1900,21,91,65,29
1901,37,102,74,17
1902,49,112,76,25
1903,53,104,91,9
1904,67,105,81,21
1905,21,98,100,9
1906,44,73,99,10
1907,34,106,100,13
1908,29,85,75,15
1909,39,115,89,22
1910,34,127,80,5
1911,27,63,88,29
1912,18,127,76,3
1913,39,91,97,27
1914,43,97,77,27
1915,35,81,65,8
1916,67,103,100,20
1917,31,101,89,10
1918,64,121,74,13
1919,46,85,83,29
1920,29,133,79,3
1921,53,113,85,29
1922,52,101,93,22
1923,69,96,91,8
1924,29,93,87,29
1925,24,95,85,9
1926,46,103,95,22
1927,28,95,65,21
1928,50,87,77,12
1929,23,103,75,11
1930,64,83,95,2
1931,32,106,77,18
1932,49,95,72,9
1933,68,113,90,2
1934,28,119,75,2
1935,40,119,81,3
1936,43,106,100,16
1937,51,108,92,19
1938,63,93,82,4
1939,51,113,83,23
1940,46,115,94,25
1941,21,68,91,18
1942,34,107,85,20
1943,52,127,86,25
1944,30,92,70,18
1945,58,88,68,10
1946,56,91,83,11
1947,32,69,78,29
1948,46,102,90,17
1949,46,100,86,26
1950,28,103,77,24
1951,69,108,86,25
1952,49,84,80,23
1953,19,105,100,24
1954,64,108,88,20
1955,31,90,69,16
1956,37,108,100,20
1957,39,101,78,13
1958,28,87,75,2
1959,44,105,100,24
1960,20,94,88,27
1961,34,113,92,2
1962,61,95,92,25
1963,45,74,82,14
1964,46,105,79,4
1965,38,104,80,17
1966,64,78,100,13
1967,33,115,87,4
1968,54,113,98,3
1969,37,82,84,12
1970,23,86,77,22
1971,36,97,70,23
1972,22,84,91,8
1973,20,112,100,2
1974,18,102,76,6
1975,55,78,90,22
1976,32,83,71,10
1977,51,123,79,12
1978,52,130,87,21
1979,66,110,67,10
1980,42,95,84,10
1981,41,91,76,23
1982,29,110,91,3
1983,35,101,83,20
1984,32,67,94,10
1985,61,120,82,29
1986,33,126,71,9
1987,44,114,70,20
1988,25,78,65,19
1989,63,87,91,14
1990,42,62,100,2
1991,34,131,89,5
1992,46,92,100,20
1993,25,146,96,29
1994,32,139,79,29
1995,44,81,97,8
1996,63,85,80,7
1997,67,109,80,6
1998,69,64,82,11
1999,24,91,83,12
2000,20,89,91,18
2001,46,137,78,19
2002,61,103,93,10
2003,41,94,93,25
2004,20,87,88,29
2005,37,117,100,25
2006,63,90,97,21
2007,32,98,95,14
2008,42,87,85,3
2009,47,69,88,18
2010,31,80,90,24
2011,24,89,85,15
2012,34,94,81,6
2013,61,95,60,10
2014,37,98,92,27
2015,53,90,95,12
2016,26,126,73,7
2017,55,118,91,17
2018,65,97,79,1
2019,39,105,81,26
2020,19,92,98,18
2021,41,43,75,26
2022,25,100,75,15
2023,28,106,100,19
2024,30,67,83,28
2025,34,109,97,1
2026,25,94,69,5
2027,38,106,69,15
2028,35,94,75,3
2029,47,125,80,1
2030,35,104,70,8
2031,63,120,88,12
2032,64,121,89,27
2033,48,77,76,22
2034,55,85,76,25
2035,49,109,78,19
2036,28,92,73,25
2037,62,95,56,25
2038,42,125,84,12
2039,50,93,80,13
2040,55,80,81,28
2041,58,83,74,1
2042,25,143,93,19
2043,28,96,100,6
2044,39,72,76,8
2045,68,64,98,4
2046,41,87,88,5
2047,58,96,85,25
2048,34,118,81,22
2049,29,117,84,28
2050,63,99,96,7
2051,49,90,73,23
2052,32,106,82,4
2053,33,65,97,20
2054,39,139,94,4
2055,45,113,73,15
2056,37,117,83,27
2057,50,78,92,21
2058,27,125,91,5
2059,57,90,94,24
2060,49,80,88,9
2061,67,99,90,2
2062,50,98,88,27
2063,19,78,100,7
2064,50,82,80,17
2065,50,80,85,16
2066,58,80,74,17
2067,30,92,72,20
2068,47,72,88,26
2069,50,86,77,23
2070,30,120,84,2
2071,69,116,100,11
2072,43,79,100,2
2073,39,119,100,1
2074,56,60,100,26
2075,19,148,100,2
2076,55,126,89,29
2077,56,88,75,23
2078,43,107,74,9
2079,63,71,98,22
2080,67,101,85,26
2081,32,96,86,2
2082,51,83,79,28
2083,59,90,80,15
2084,61,88,88,10
2085,66,77,74,15
2086,57,82,87,10
2087,28,71,100,29
2088,20,117,63,25
2089,23,81,69,23
2090,26,75,91,27
2091,23,116,98,17
2092,26,107,80,28
2093,56,116,65,9
2094,48,118,99,18
2095,49,138,76,4
2096,58,96,81,9
2097,67,70,88,16
2098,29,105,78,4
2099,25,86,76,16
2100,25,80,76,19
2101,67,101,100,1
2102,45,117,96,23
2103,37,83,90,6
2104,64,125,63,10
2105,24,80,90,16
2106,28,95,90,4
2107,37,107,72,22
2108,33,92,87,22
2109,21,64,95,13
2110,23,118,90,16
2111,39,87,78,20
2112,43,114,85,29
2113,20,74,92,6
2114,58,78,85,26
2115,59,117,97,11
2116,31,106,88,24
2117,28,91,92,29
2118,35,107,93,3
2119,29,80,74,20
2120,40,102,85,10
2121,29,102,81,29
2122,30,92,95,28
2123,42,83,89,1
2124,62,101,83,20
2125,68,98,72,11
2126,36,90,69,26
2127,63,79,88,26
2128,53,100,77,12
2129,62,90,91,14
2130,25,79,68,25
2131,46,100,100,8
2132,49,132,91,11
2133,68,92,85,4
2134,61,129,100,28
2135,35,142,94,7
2136,23,80,80,10
2137,35,100,85,19
2138,36,142,65,25
2139,39,97,95,26
2140,54,100,82,4
2141,49,66,65,2
2142,58,89,73,26
2143,20,111,93,21
2144,45,148,100,18
2145,27,96,85,14
2146,68,66,75,26
2147,52,71,70,16
2148,46,99,99,22
2149,32,123,89,11
2150,50,112,81,10
2151,24,109,79,17
2152,29,126,91,14
2153,66,85,91,22
2154,47,100,76,4
2155,38,89,73,19
2156,48,94,74,2
2157,41,79,80,7
2158,37,93,78,9
2159,54,99,100,28
2160,21,92,79,19
2161,45,96,72,16
2162,61,108,73,22
2163,37,124,83,25
2164,41,126,66,16
2165,67,115,84,18
2166,66,74,71,23
2167,68,92,96,21
2168,49,94,86,21
2169,58,86,100,11
2170,53,106,82,7
2171,51,68,53,9
2172,53,133,99,4
2173,19,123,90,25
2174,32,109,91,13
2175,51,98,74,27
2176,53,124,84,26
2177,23,113,86,25
2178,56,122,82,29
2179,59,98,67,4
2180,68,135,100,19
2181,68,123,93,2
2182,29,110,89,9
2183,20,125,98,12
2184,62,91,91,2
2185,35,76,78,6
2186,57,106,97,5
2187,38,98,93,5
2188,32,96,78,20
2189,50,124,92,22
2190,52,103,82,5
2191,43,105,87,27
2192,25,93,90,4
2193,53,117,98,29
2194,65,114,78,9
2195,47,117,88,29
2196,40,90,100,22
2197,59,126,83,27
2198,61,136,86,10
2199,31,116,100,16
2200,31,83,91,10
